condition,episode,total_reward,steps,success,escalated,train,epsilon
baseline,0,6.0,2,1,0,0,
baseline,1,10.0,1,1,0,0,
baseline,2,4.4,2,1,0,0,
baseline,3,10.0,1,1,0,0,
baseline,4,-15.200000000000001,4,1,1,0,
baseline,5,-18.0,4,1,1,0,
baseline,6,-18.0,4,1,1,0,
baseline,7,-18.0,4,1,1,0,
baseline,8,10.0,1,1,0,0,
baseline,9,-18.0,4,1,1,0,
baseline,10,4.4,2,1,0,0,
baseline,11,-6.799999999999999,4,1,1,0,
baseline,12,-18.0,4,1,1,0,
baseline,13,3.0,3,1,0,0,
baseline,14,-18.0,4,1,1,0,
baseline,15,10.0,1,1,0,0,
baseline,16,6.0,2,1,0,0,
baseline,17,-15.200000000000001,4,1,1,0,
baseline,18,-18.0,4,1,1,0,
baseline,19,4.4,2,1,0,0,
baseline,20,5.6,2,1,0,0,
baseline,21,10.0,1,1,0,0,
baseline,22,5.6,2,1,0,0,
baseline,23,-18.0,4,1,1,0,
baseline,24,-4.0,4,1,1,0,
baseline,25,10.0,1,1,0,0,
baseline,26,10.0,1,1,0,0,
baseline,27,1.7999999999999998,3,1,0,0,
baseline,28,5.4,2,1,0,0,
baseline,29,10.0,1,1,0,0,
baseline,30,-15.200000000000001,4,1,1,0,
baseline,31,10.0,1,1,0,0,
baseline,32,10.0,1,1,0,0,
baseline,33,-18.0,4,1,1,0,
baseline,34,-15.200000000000001,4,1,1,0,
baseline,35,-15.200000000000001,4,1,1,0,
baseline,36,-8.200000000000001,4,1,1,0,
baseline,37,3.0,3,1,0,0,
baseline,38,10.0,1,1,0,0,
baseline,39,10.0,1,1,0,0,
baseline,40,5.6,2,1,0,0,
baseline,41,-6.799999999999999,4,1,1,0,
baseline,42,10.0,1,1,0,0,
baseline,43,-18.0,4,1,1,0,
baseline,44,-4.0,4,1,1,0,
baseline,45,-6.799999999999999,4,1,1,0,
baseline,46,3.0,3,1,0,0,
baseline,47,-15.200000000000001,4,1,1,0,
baseline,48,-1.0,3,1,0,0,
baseline,49,-18.0,4,1,1,0,
baseline,50,-18.0,4,1,1,0,
baseline,51,10.0,1,1,0,0,
baseline,52,6.0,2,1,0,0,
baseline,53,10.0,1,1,0,0,
baseline,54,-1.0,3,1,0,0,
baseline,55,4.4,2,1,0,0,
baseline,56,-4.0,4,1,1,0,
baseline,57,10.0,1,1,0,0,
baseline,58,-4.0,4,1,1,0,
baseline,59,10.0,1,1,0,0,
baseline,60,-6.799999999999999,4,1,1,0,
baseline,61,3.0,3,1,0,0,
baseline,62,-15.200000000000001,4,1,1,0,
baseline,63,-6.799999999999999,4,1,1,0,
baseline,64,-15.200000000000001,4,1,1,0,
baseline,65,10.0,1,1,0,0,
baseline,66,-4.0,4,1,1,0,
baseline,67,-6.799999999999999,4,1,1,0,
baseline,68,3.0,3,1,0,0,
baseline,69,10.0,1,1,0,0,
baseline,70,5.4,2,1,0,0,
baseline,71,10.0,1,1,0,0,
baseline,72,-4.0,4,1,1,0,
baseline,73,10.0,1,1,0,0,
baseline,74,-8.200000000000001,4,1,1,0,
baseline,75,5.6,2,1,0,0,
baseline,76,-15.200000000000001,4,1,1,0,
baseline,77,5.6,2,1,0,0,
baseline,78,-8.200000000000001,4,1,1,0,
baseline,79,-4.0,4,1,1,0,
baseline,80,-18.0,4,1,1,0,
baseline,81,-6.799999999999999,4,1,1,0,
baseline,82,-0.20000000000000018,3,1,0,0,
baseline,83,6.0,2,1,0,0,
baseline,84,10.0,1,1,0,0,
baseline,85,10.0,1,1,0,0,
baseline,86,-8.200000000000001,4,1,1,0,
baseline,87,5.4,2,1,0,0,
baseline,88,-15.200000000000001,4,1,1,0,
baseline,89,-4.0,4,1,1,0,
baseline,90,10.0,1,1,0,0,
baseline,91,-1.0,3,1,0,0,
baseline,92,-18.0,4,1,1,0,
baseline,93,5.4,2,1,0,0,
baseline,94,10.0,1,1,0,0,
baseline,95,-15.200000000000001,4,1,1,0,
baseline,96,4.0,2,1,0,0,
baseline,97,-15.200000000000001,4,1,1,0,
baseline,98,5.4,2,1,0,0,
baseline,99,-4.0,4,1,1,0,
baseline,100,-15.200000000000001,4,1,1,0,
baseline,101,6.0,2,1,0,0,
baseline,102,10.0,1,1,0,0,
baseline,103,-6.799999999999999,4,1,1,0,
baseline,104,-15.200000000000001,4,1,1,0,
baseline,105,4.4,2,1,0,0,
baseline,106,-6.799999999999999,4,1,1,0,
baseline,107,10.0,1,1,0,0,
baseline,108,2.2,3,1,0,0,
baseline,109,5.4,2,1,0,0,
baseline,110,10.0,1,1,0,0,
baseline,111,-6.799999999999999,4,1,1,0,
baseline,112,-4.0,4,1,1,0,
baseline,113,6.0,2,1,0,0,
baseline,114,-8.200000000000001,4,1,1,0,
baseline,115,-0.20000000000000018,3,1,0,0,
baseline,116,-18.0,4,1,1,0,
baseline,117,-18.0,4,1,1,0,
baseline,118,6.0,2,1,0,0,
baseline,119,10.0,1,1,0,0,
baseline,120,-18.0,4,1,1,0,
baseline,121,-18.0,4,1,1,0,
baseline,122,-8.200000000000001,4,1,1,0,
baseline,123,2.2,3,1,0,0,
baseline,124,10.0,1,1,0,0,
baseline,125,2.2,3,1,0,0,
baseline,126,-0.20000000000000018,3,1,0,0,
baseline,127,10.0,1,1,0,0,
baseline,128,1.7999999999999998,3,1,0,0,
baseline,129,2.2,3,1,0,0,
baseline,130,5.4,2,1,0,0,
baseline,131,-15.200000000000001,4,1,1,0,
baseline,132,1.7999999999999998,3,1,0,0,
baseline,133,5.4,2,1,0,0,
baseline,134,10.0,1,1,0,0,
baseline,135,10.0,1,1,0,0,
baseline,136,10.0,1,1,0,0,
baseline,137,10.0,1,1,0,0,
baseline,138,10.0,1,1,0,0,
baseline,139,-18.0,4,1,1,0,
baseline,140,-18.0,4,1,1,0,
baseline,141,-15.200000000000001,4,1,1,0,
baseline,142,-6.799999999999999,4,1,1,0,
baseline,143,4.0,2,1,0,0,
baseline,144,-6.799999999999999,4,1,1,0,
baseline,145,10.0,1,1,0,0,
baseline,146,10.0,1,1,0,0,
baseline,147,-18.0,4,1,1,0,
baseline,148,10.0,1,1,0,0,
baseline,149,-6.799999999999999,4,1,1,0,
baseline,150,5.4,2,1,0,0,
baseline,151,10.0,1,1,0,0,
baseline,152,-15.200000000000001,4,1,1,0,
baseline,153,-6.799999999999999,4,1,1,0,
baseline,154,-1.0,3,1,0,0,
baseline,155,-1.0,3,1,0,0,
baseline,156,10.0,1,1,0,0,
baseline,157,10.0,1,1,0,0,
baseline,158,-6.799999999999999,4,1,1,0,
baseline,159,10.0,1,1,0,0,
baseline,160,-18.0,4,1,1,0,
baseline,161,10.0,1,1,0,0,
baseline,162,-6.799999999999999,4,1,1,0,
baseline,163,10.0,1,1,0,0,
baseline,164,-18.0,4,1,1,0,
baseline,165,-18.0,4,1,1,0,
baseline,166,10.0,1,1,0,0,
baseline,167,10.0,1,1,0,0,
baseline,168,10.0,1,1,0,0,
baseline,169,-6.799999999999999,4,1,1,0,
baseline,170,-18.0,4,1,1,0,
baseline,171,-18.0,4,1,1,0,
baseline,172,10.0,1,1,0,0,
baseline,173,-15.200000000000001,4,1,1,0,
baseline,174,-4.0,4,1,1,0,
baseline,175,4.4,2,1,0,0,
baseline,176,-4.0,4,1,1,0,
baseline,177,-8.200000000000001,4,1,1,0,
baseline,178,-15.200000000000001,4,1,1,0,
baseline,179,4.0,2,1,0,0,
baseline,180,10.0,1,1,0,0,
baseline,181,-6.799999999999999,4,1,1,0,
baseline,182,-6.799999999999999,4,1,1,0,
baseline,183,3.0,3,1,0,0,
baseline,184,2.2,3,1,0,0,
baseline,185,3.0,3,1,0,0,
baseline,186,5.4,2,1,0,0,
baseline,187,-18.0,4,1,1,0,
baseline,188,-0.20000000000000018,3,1,0,0,
baseline,189,-18.0,4,1,1,0,
baseline,190,-8.200000000000001,4,1,1,0,
baseline,191,-18.0,4,1,1,0,
baseline,192,-6.799999999999999,4,1,1,0,
baseline,193,10.0,1,1,0,0,
baseline,194,-18.0,4,1,1,0,
baseline,195,-4.0,4,1,1,0,
baseline,196,-18.0,4,1,1,0,
baseline,197,2.2,3,1,0,0,
baseline,198,10.0,1,1,0,0,
baseline,199,5.4,2,1,0,0,
rule_based,0,10.0,1,1,0,0,
rule_based,1,10.0,1,1,0,0,
rule_based,2,6.0,2,1,0,0,
rule_based,3,10.0,1,1,0,0,
rule_based,4,10.0,1,1,0,0,
rule_based,5,10.0,1,1,0,0,
rule_based,6,10.0,1,1,0,0,
rule_based,7,4.4,2,1,0,0,
rule_based,8,10.0,1,1,0,0,
rule_based,9,10.0,1,1,0,0,
rule_based,10,10.0,1,1,0,0,
rule_based,11,10.0,1,1,0,0,
rule_based,12,-0.20000000000000018,3,1,0,0,
rule_based,13,10.0,1,1,0,0,
rule_based,14,-0.20000000000000018,3,1,0,0,
rule_based,15,-1.1999999999999993,4,1,0,0,
rule_based,16,10.0,1,1,0,0,
rule_based,17,10.0,1,1,0,0,
rule_based,18,-1.8000000000000007,4,1,0,0,
rule_based,19,10.0,1,1,0,0,
rule_based,20,5.4,2,1,0,0,
rule_based,21,10.0,1,1,0,0,
rule_based,22,10.0,1,1,0,0,
rule_based,23,10.0,1,1,0,0,
rule_based,24,10.0,1,1,0,0,
rule_based,25,-2.0,1,1,1,0,
rule_based,26,10.0,1,1,0,0,
rule_based,27,10.0,1,1,0,0,
rule_based,28,1.7999999999999998,3,1,0,0,
rule_based,29,10.0,1,1,0,0,
rule_based,30,10.0,1,1,0,0,
rule_based,31,10.0,1,1,0,0,
rule_based,32,10.0,1,1,0,0,
rule_based,33,4.0,2,1,0,0,
rule_based,34,10.0,1,1,0,0,
rule_based,35,0.0,4,1,0,0,
rule_based,36,10.0,1,1,0,0,
rule_based,37,6.0,2,1,0,0,
rule_based,38,10.0,1,1,0,0,
rule_based,39,10.0,1,1,0,0,
rule_based,40,10.0,1,1,0,0,
rule_based,41,10.0,1,1,0,0,
rule_based,42,10.0,1,1,0,0,
rule_based,43,10.0,1,1,0,0,
rule_based,44,10.0,1,1,0,0,
rule_based,45,5.6,2,1,0,0,
rule_based,46,4.0,2,1,0,0,
rule_based,47,10.0,1,1,0,0,
rule_based,48,10.0,1,1,0,0,
rule_based,49,-10.0,6,1,0,0,
rule_based,50,5.4,2,1,0,0,
rule_based,51,10.0,1,1,0,0,
rule_based,52,10.0,1,1,0,0,
rule_based,53,10.0,1,1,0,0,
rule_based,54,10.0,1,1,0,0,
rule_based,55,10.0,1,1,0,0,
rule_based,56,10.0,1,1,0,0,
rule_based,57,10.0,1,1,0,0,
rule_based,58,10.0,1,1,0,0,
rule_based,59,-2.0,1,1,1,0,
rule_based,60,10.0,1,1,0,0,
rule_based,61,-2.0,1,1,1,0,
rule_based,62,6.0,2,1,0,0,
rule_based,63,10.0,1,1,0,0,
rule_based,64,10.0,1,1,0,0,
rule_based,65,10.0,1,1,0,0,
rule_based,66,10.0,1,1,0,0,
rule_based,67,10.0,1,1,0,0,
rule_based,68,10.0,1,1,0,0,
rule_based,69,4.4,2,1,0,0,
rule_based,70,10.0,1,1,0,0,
rule_based,71,-1.0,3,1,0,0,
rule_based,72,10.0,1,1,0,0,
rule_based,73,-2.0,1,1,1,0,
rule_based,74,10.0,1,1,0,0,
rule_based,75,10.0,1,1,0,0,
rule_based,76,6.0,2,1,0,0,
rule_based,77,10.0,1,1,0,0,
rule_based,78,4.0,2,1,0,0,
rule_based,79,10.0,1,1,0,0,
rule_based,80,10.0,1,1,0,0,
rule_based,81,10.0,1,1,0,0,
rule_based,82,10.0,1,1,0,0,
rule_based,83,10.0,1,1,0,0,
rule_based,84,10.0,1,1,0,0,
rule_based,85,5.4,2,1,0,0,
rule_based,86,10.0,1,1,0,0,
rule_based,87,10.0,1,1,0,0,
rule_based,88,10.0,1,1,0,0,
rule_based,89,10.0,1,1,0,0,
rule_based,90,10.0,1,1,0,0,
rule_based,91,5.4,2,1,0,0,
rule_based,92,5.6,2,1,0,0,
rule_based,93,10.0,1,1,0,0,
rule_based,94,4.4,2,1,0,0,
rule_based,95,10.0,1,1,0,0,
rule_based,96,10.0,1,1,0,0,
rule_based,97,10.0,1,1,0,0,
rule_based,98,1.7999999999999998,3,1,0,0,
rule_based,99,10.0,1,1,0,0,
rule_based,100,-2.0,1,1,1,0,
rule_based,101,10.0,1,1,0,0,
rule_based,102,5.4,2,1,0,0,
rule_based,103,10.0,1,1,0,0,
rule_based,104,6.0,2,1,0,0,
rule_based,105,5.4,2,1,0,0,
rule_based,106,10.0,1,1,0,0,
rule_based,107,10.0,1,1,0,0,
rule_based,108,10.0,1,1,0,0,
rule_based,109,-4.800000000000001,4,1,0,0,
rule_based,110,5.6,2,1,0,0,
rule_based,111,-1.8000000000000007,4,1,0,0,
rule_based,112,3.0,3,1,0,0,
rule_based,113,-2.0,1,1,1,0,
rule_based,114,10.0,1,1,0,0,
rule_based,115,10.0,1,1,0,0,
rule_based,116,10.0,1,1,0,0,
rule_based,117,-0.20000000000000018,3,1,0,0,
rule_based,118,10.0,1,1,0,0,
rule_based,119,10.0,1,1,0,0,
rule_based,120,10.0,1,1,0,0,
rule_based,121,-2.0,1,1,1,0,
rule_based,122,10.0,1,1,0,0,
rule_based,123,10.0,1,1,0,0,
rule_based,124,10.0,1,1,0,0,
rule_based,125,10.0,1,1,0,0,
rule_based,126,10.0,1,1,0,0,
rule_based,127,10.0,1,1,0,0,
rule_based,128,10.0,1,1,0,0,
rule_based,129,6.0,2,1,0,0,
rule_based,130,-2.0,1,1,1,0,
rule_based,131,10.0,1,1,0,0,
rule_based,132,4.0,2,1,0,0,
rule_based,133,10.0,1,1,0,0,
rule_based,134,10.0,1,1,0,0,
rule_based,135,10.0,1,1,0,0,
rule_based,136,10.0,1,1,0,0,
rule_based,137,-2.0,1,1,1,0,
rule_based,138,10.0,1,1,0,0,
rule_based,139,10.0,1,1,0,0,
rule_based,140,10.0,1,1,0,0,
rule_based,141,-1.8000000000000007,4,1,0,0,
rule_based,142,10.0,1,1,0,0,
rule_based,143,10.0,1,1,0,0,
rule_based,144,10.0,1,1,0,0,
rule_based,145,10.0,1,1,0,0,
rule_based,146,-2.0,1,1,1,0,
rule_based,147,10.0,1,1,0,0,
rule_based,148,10.0,1,1,0,0,
rule_based,149,10.0,1,1,0,0,
rule_based,150,10.0,1,1,0,0,
rule_based,151,10.0,1,1,0,0,
rule_based,152,10.0,1,1,0,0,
rule_based,153,10.0,1,1,0,0,
rule_based,154,4.4,2,1,0,0,
rule_based,155,10.0,1,1,0,0,
rule_based,156,-2.0,1,1,1,0,
rule_based,157,10.0,1,1,0,0,
rule_based,158,10.0,1,1,0,0,
rule_based,159,10.0,1,1,0,0,
rule_based,160,10.0,1,1,0,0,
rule_based,161,10.0,1,1,0,0,
rule_based,162,10.0,1,1,0,0,
rule_based,163,-2.0,1,1,1,0,
rule_based,164,-2.0,1,1,1,0,
rule_based,165,-2.0,1,1,1,0,
rule_based,166,10.0,1,1,0,0,
rule_based,167,10.0,1,1,0,0,
rule_based,168,-1.8000000000000007,4,1,0,0,
rule_based,169,4.4,2,1,0,0,
rule_based,170,10.0,1,1,0,0,
rule_based,171,-2.0,1,1,1,0,
rule_based,172,10.0,1,1,0,0,
rule_based,173,4.0,2,1,0,0,
rule_based,174,10.0,1,1,0,0,
rule_based,175,10.0,1,1,0,0,
rule_based,176,10.0,1,1,0,0,
rule_based,177,10.0,1,1,0,0,
rule_based,178,-2.0,1,1,1,0,
rule_based,179,-2.0,1,1,1,0,
rule_based,180,-2.0,1,1,1,0,
rule_based,181,10.0,1,1,0,0,
rule_based,182,10.0,1,1,0,0,
rule_based,183,10.0,1,1,0,0,
rule_based,184,10.0,1,1,0,0,
rule_based,185,10.0,1,1,0,0,
rule_based,186,10.0,1,1,0,0,
rule_based,187,10.0,1,1,0,0,
rule_based,188,10.0,1,1,0,0,
rule_based,189,10.0,1,1,0,0,
rule_based,190,10.0,1,1,0,0,
rule_based,191,10.0,1,1,0,0,
rule_based,192,-2.0,1,1,1,0,
rule_based,193,10.0,1,1,0,0,
rule_based,194,10.0,1,1,0,0,
rule_based,195,5.4,2,1,0,0,
rule_based,196,10.0,1,1,0,0,
rule_based,197,10.0,1,1,0,0,
rule_based,198,10.0,1,1,0,0,
rule_based,199,-2.0,1,1,1,0,
q_learning,0,6.0,2,1,0,1,0.995
q_learning,1,10.0,1,1,0,1,0.990025
q_learning,2,4.4,2,1,0,1,0.985074875
q_learning,3,10.0,1,1,0,1,0.9801495006250001
q_learning,4,-12.6,7,1,0,1,0.9752487531218751
q_learning,5,10.0,1,1,0,1,0.9703725093562657
q_learning,6,10.0,1,1,0,1,0.9655206468094844
q_learning,7,3.5999999999999996,1,1,1,1,0.960693043575437
q_learning,8,10.0,1,1,0,1,0.9558895783575597
q_learning,9,-0.20000000000000018,3,1,0,1,0.9511101304657719
q_learning,10,10.0,1,1,0,1,0.946354579813443
q_learning,11,-0.40000000000000036,1,1,1,1,0.9416228069143757
q_learning,12,6.0,2,1,0,1,0.9369146928798039
q_learning,13,10.0,1,1,0,1,0.9322301194154049
q_learning,14,10.0,1,1,0,1,0.9275689688183278
q_learning,15,3.5999999999999996,1,1,1,1,0.9229311239742362
q_learning,16,2.2,3,1,0,1,0.918316468354365
q_learning,17,-0.40000000000000036,1,1,1,1,0.9137248860125932
q_learning,18,10.0,1,1,0,1,0.9091562615825302
q_learning,19,5.4,2,1,0,1,0.9046104802746175
q_learning,20,10.0,1,1,0,1,0.9000874278732445
q_learning,21,10.0,1,1,0,1,0.8955869907338783
q_learning,22,6.0,2,1,0,1,0.8911090557802088
q_learning,23,5.4,2,1,0,1,0.8866535105013078
q_learning,24,10.0,1,1,0,1,0.8822202429488013
q_learning,25,5.6,2,1,0,1,0.8778091417340573
q_learning,26,-17.8,4,0,1,1,0.8734200960253871
q_learning,27,10.0,1,1,0,1,0.8690529955452602
q_learning,28,10.0,1,1,0,1,0.8647077305675338
q_learning,29,10.0,1,1,0,1,0.8603841919146962
q_learning,30,6.0,1,1,1,1,0.8560822709551227
q_learning,31,10.0,1,1,0,1,0.851801859600347
q_learning,32,4.4,2,1,0,1,0.8475428503023453
q_learning,33,-0.20000000000000018,3,1,0,1,0.8433051360508336
q_learning,34,10.0,1,1,0,1,0.8390886103705794
q_learning,35,10.0,1,1,0,1,0.8348931673187264
q_learning,36,4.4,2,1,0,1,0.8307187014821328
q_learning,37,4.4,2,1,0,1,0.8265651079747222
q_learning,38,4.440892098500626e-16,2,1,1,1,0.8224322824348486
q_learning,39,6.0,2,1,0,1,0.8183201210226743
q_learning,40,5.4,2,1,0,1,0.8142285204175609
q_learning,41,10.0,1,1,0,1,0.810157377815473
q_learning,42,-1.0,2,1,0,1,0.8061065909263957
q_learning,43,10.0,1,1,0,1,0.8020760579717637
q_learning,44,10.0,1,1,0,1,0.798065677681905
q_learning,45,-0.40000000000000036,1,1,1,1,0.7940753492934954
q_learning,46,4.4,2,1,0,1,0.7901049725470279
q_learning,47,-8.0,2,1,1,1,0.7861544476842928
q_learning,48,10.0,1,1,0,1,0.7822236754458713
q_learning,49,10.0,1,1,0,1,0.778312557068642
q_learning,50,10.0,1,1,0,1,0.7744209942832988
q_learning,51,10.0,1,1,0,1,0.7705488893118823
q_learning,52,10.0,1,1,0,1,0.7666961448653229
q_learning,53,10.0,1,1,0,1,0.7628626641409962
q_learning,54,5.6,2,1,0,1,0.7590483508202912
q_learning,55,2.2,3,1,0,1,0.7552531090661897
q_learning,56,4.0,2,1,0,1,0.7514768435208588
q_learning,57,10.0,1,1,0,1,0.7477194593032545
q_learning,58,10.0,1,1,0,1,0.7439808620067382
q_learning,59,10.0,1,1,0,1,0.7402609576967045
q_learning,60,10.0,1,1,0,1,0.736559652908221
q_learning,61,10.0,1,1,0,1,0.7328768546436799
q_learning,62,10.0,1,1,0,1,0.7292124703704616
q_learning,63,-3.3999999999999995,3,1,1,1,0.7255664080186093
q_learning,64,-1.0,3,1,1,1,0.7219385759785162
q_learning,65,5.6,2,1,0,1,0.7183288830986236
q_learning,66,4.0,2,1,0,1,0.7147372386831305
q_learning,67,-18.0,4,1,1,1,0.7111635524897149
q_learning,68,-0.20000000000000018,3,1,0,1,0.7076077347272662
q_learning,69,6.0,2,1,0,1,0.7040696960536299
q_learning,70,3.5999999999999996,1,1,1,1,0.7005493475733617
q_learning,71,-2.0,1,1,1,1,0.697046600835495
q_learning,72,10.0,1,1,0,1,0.6935613678313175
q_learning,73,10.0,1,1,0,1,0.6900935609921609
q_learning,74,10.0,1,1,0,1,0.6866430931872001
q_learning,75,10.0,1,1,0,1,0.6832098777212641
q_learning,76,10.0,1,1,0,1,0.6797938283326578
q_learning,77,10.0,1,1,0,1,0.6763948591909945
q_learning,78,-0.20000000000000018,3,1,0,1,0.6730128848950395
q_learning,79,10.0,1,1,0,1,0.6696478204705644
q_learning,80,4.440892098500626e-16,2,1,1,1,0.6662995813682115
q_learning,81,10.0,1,1,0,1,0.6629680834613705
q_learning,82,10.0,1,1,0,1,0.6596532430440636
q_learning,83,10.0,1,1,0,1,0.6563549768288433
q_learning,84,5.4,2,1,0,1,0.653073201944699
q_learning,85,-3.3999999999999995,3,1,1,1,0.6498078359349755
q_learning,86,-6.0,2,1,1,1,0.6465587967553006
q_learning,87,10.0,1,1,0,1,0.6433260027715241
q_learning,88,2.0,2,1,1,1,0.6401093727576664
q_learning,89,-15.200000000000001,4,1,1,1,0.6369088258938781
q_learning,90,-13.0,2,1,1,1,0.6337242817644086
q_learning,91,3.0,3,1,0,1,0.6305556603555866
q_learning,92,4.440892098500626e-16,2,1,1,1,0.6274028820538087
q_learning,93,4.0,2,1,0,1,0.6242658676435396
q_learning,94,10.0,1,1,0,1,0.6211445383053219
q_learning,95,10.0,1,1,0,1,0.6180388156137953
q_learning,96,10.0,1,1,0,1,0.6149486215357263
q_learning,97,10.0,1,1,0,1,0.6118738784280476
q_learning,98,10.0,1,1,0,1,0.6088145090359074
q_learning,99,10.0,1,1,0,1,0.6057704364907278
q_learning,100,10.0,1,1,0,1,0.6027415843082742
q_learning,101,10.0,1,1,0,1,0.5997278763867329
q_learning,102,-3.3999999999999995,3,1,1,1,0.5967292370047992
q_learning,103,6.0,2,1,0,1,0.5937455908197752
q_learning,104,4.0,2,1,0,1,0.5907768628656763
q_learning,105,10.0,1,1,0,1,0.5878229785513479
q_learning,106,10.0,1,1,0,1,0.5848838636585911
q_learning,107,10.0,1,1,0,1,0.5819594443402982
q_learning,108,10.0,1,1,0,1,0.5790496471185967
q_learning,109,10.0,1,1,0,1,0.5761543988830038
q_learning,110,4.4,1,1,1,1,0.5732736268885887
q_learning,111,10.0,1,1,0,1,0.5704072587541458
q_learning,112,-4.800000000000001,4,1,0,1,0.567555222460375
q_learning,113,10.0,1,1,0,1,0.5647174463480732
q_learning,114,10.0,1,1,0,1,0.5618938591163328
q_learning,115,-18.0,4,1,1,1,0.5590843898207511
q_learning,116,10.0,1,1,0,1,0.5562889678716474
q_learning,117,6.0,2,1,0,1,0.5535075230322891
q_learning,118,-4.800000000000001,4,1,0,1,0.5507399854171277
q_learning,119,6.0,2,1,0,1,0.547986285490042
q_learning,120,6.0,1,1,1,1,0.5452463540625918
q_learning,121,4.4,2,1,0,1,0.5425201222922789
q_learning,122,10.0,1,1,0,1,0.5398075216808175
q_learning,123,-2.0,1,1,1,1,0.5371084840724134
q_learning,124,10.0,1,1,0,1,0.5344229416520513
q_learning,125,10.0,1,1,0,1,0.531750826943791
q_learning,126,10.0,1,1,0,1,0.5290920728090721
q_learning,127,-6.0,2,1,1,1,0.5264466124450268
q_learning,128,10.0,1,1,0,1,0.5238143793828016
q_learning,129,4.0,2,1,0,1,0.5211953074858876
q_learning,130,-0.40000000000000036,1,1,1,1,0.5185893309484582
q_learning,131,10.0,1,1,0,1,0.5159963842937159
q_learning,132,10.0,1,1,0,1,0.5134164023722473
q_learning,133,10.0,1,1,0,1,0.510849320360386
q_learning,134,-3.3999999999999995,3,1,1,1,0.5082950737585841
q_learning,135,-0.40000000000000036,1,1,1,1,0.5057535983897912
q_learning,136,10.0,1,1,0,1,0.5032248303978422
q_learning,137,10.0,1,1,0,1,0.500708706245853
q_learning,138,10.0,1,1,0,1,0.4982051627146237
q_learning,139,10.0,1,1,0,1,0.49571413690105054
q_learning,140,10.0,1,1,0,1,0.4932355662165453
q_learning,141,10.0,1,1,0,1,0.4907693883854626
q_learning,142,10.0,1,1,0,1,0.4883155414435353
q_learning,143,-1.0,3,1,0,1,0.4858739637363176
q_learning,144,-15.200000000000001,4,1,1,1,0.483444593917636
q_learning,145,10.0,1,1,0,1,0.4810273709480478
q_learning,146,4.4,2,1,0,1,0.47862223409330756
q_learning,147,6.0,2,1,0,1,0.47622912292284103
q_learning,148,10.0,1,1,0,1,0.4738479773082268
q_learning,149,10.0,1,1,0,1,0.47147873742168567
q_learning,150,10.0,1,1,0,1,0.46912134373457726
q_learning,151,-8.0,2,1,1,1,0.46677573701590436
q_learning,152,6.0,2,1,0,1,0.46444185833082485
q_learning,153,10.0,1,1,0,1,0.46211964903917074
q_learning,154,-15.200000000000001,4,1,1,1,0.4598090507939749
q_learning,155,-2.0,1,1,1,1,0.457510005540005
q_learning,156,-0.20000000000000018,3,1,0,1,0.45522245551230495
q_learning,157,10.0,1,1,0,1,0.4529463432347434
q_learning,158,10.0,1,1,0,1,0.4506816115185697
q_learning,159,-1.0,1,1,1,1,0.4484282034609769
q_learning,160,10.0,1,1,0,1,0.446186062443672
q_learning,161,4.4,2,1,0,1,0.4439551321314536
q_learning,162,-8.0,2,1,1,1,0.4417353564707963
q_learning,163,10.0,1,1,0,1,0.43952667968844233
q_learning,164,10.0,1,1,0,1,0.43732904629000013
q_learning,165,-6.0,4,1,0,1,0.4351424010585501
q_learning,166,-4.0,4,1,1,1,0.43296668905325736
q_learning,167,6.0,1,1,1,1,0.43080185560799106
q_learning,168,10.0,1,1,0,1,0.4286478463299511
q_learning,169,5.6,2,1,0,1,0.42650460709830135
q_learning,170,2.2,3,1,0,1,0.42437208406280985
q_learning,171,-0.40000000000000036,1,1,1,1,0.4222502236424958
q_learning,172,10.0,1,1,0,1,0.42013897252428334
q_learning,173,10.0,1,1,0,1,0.4180382776616619
q_learning,174,-36.0,10,1,1,1,0.4159480862733536
q_learning,175,10.0,1,1,0,1,0.41386834584198684
q_learning,176,10.0,1,1,0,1,0.4117990041127769
q_learning,177,10.0,1,1,0,1,0.40974000909221303
q_learning,178,10.0,1,1,0,1,0.40769130904675194
q_learning,179,5.4,2,1,0,1,0.40565285250151817
q_learning,180,10.0,1,1,0,1,0.4036245882390106
q_learning,181,-0.40000000000000036,1,1,1,1,0.4016064652978155
q_learning,182,-4.800000000000001,4,1,0,1,0.3995984329713264
q_learning,183,10.0,1,1,0,1,0.3976004408064698
q_learning,184,-8.0,2,1,1,1,0.39561243860243744
q_learning,185,10.0,1,1,0,1,0.3936343764094253
q_learning,186,5.4,2,1,0,1,0.39166620452737816
q_learning,187,10.0,1,1,0,1,0.3897078735047413
q_learning,188,-0.40000000000000036,1,1,1,1,0.3877593341372176
q_learning,189,10.0,1,1,0,1,0.3858205374665315
q_learning,190,-1.1999999999999993,4,1,0,1,0.38389143477919885
q_learning,191,10.0,1,1,0,1,0.3819719776053028
q_learning,192,-2.0,1,1,1,1,0.3800621177172763
q_learning,193,5.6,2,1,0,1,0.37816180712868996
q_learning,194,10.0,1,1,0,1,0.37627099809304654
q_learning,195,10.0,1,1,0,1,0.3743896431025813
q_learning,196,10.0,1,1,0,1,0.37251769488706843
q_learning,197,5.0,1,1,0,1,0.3706551064126331
q_learning,198,10.0,1,1,0,1,0.36880183088056995
q_learning,199,10.0,1,1,0,1,0.3669578217261671
q_learning,200,10.0,1,1,0,1,0.36512303261753626
q_learning,201,-14.0,5,1,0,1,0.3632974174544486
q_learning,202,10.0,1,1,0,1,0.3614809303671764
q_learning,203,10.0,1,1,0,1,0.3596735257153405
q_learning,204,-12.6,7,1,0,1,0.3578751580867638
q_learning,205,-4.0,4,1,1,1,0.35608578229633
q_learning,206,10.0,1,1,0,1,0.3543053533848483
q_learning,207,10.0,1,1,0,1,0.35253382661792404
q_learning,208,10.0,1,1,0,1,0.3507711574848344
q_learning,209,2.2,3,1,0,1,0.34901730169741024
q_learning,210,5.6,2,1,0,1,0.3472722151889232
q_learning,211,10.0,1,1,0,1,0.3455358541129786
q_learning,212,10.0,1,1,0,1,0.3438081748424137
q_learning,213,-27.0,7,1,1,1,0.3420891339682016
q_learning,214,5.6,2,1,0,1,0.3403786882983606
q_learning,215,10.0,1,1,0,1,0.3386767948568688
q_learning,216,10.0,1,1,0,1,0.33698341088258443
q_learning,217,10.0,1,1,0,1,0.3352984938281715
q_learning,218,10.0,1,1,0,1,0.33362200135903064
q_learning,219,5.4,2,1,0,1,0.33195389135223546
q_learning,220,4.4,1,1,1,1,0.3302941218954743
q_learning,221,4.4,2,1,0,1,0.32864265128599696
q_learning,222,10.0,1,1,0,1,0.326999438029567
q_learning,223,5.6,2,1,0,1,0.3253644408394192
q_learning,224,-1.1999999999999993,4,1,0,1,0.3237376186352221
q_learning,225,10.0,1,1,0,1,0.322118930542046
q_learning,226,-8.0,2,1,1,1,0.32050833588933575
q_learning,227,10.0,1,1,0,1,0.31890579420988907
q_learning,228,10.0,1,1,0,1,0.3173112652388396
q_learning,229,10.0,1,1,0,1,0.3157247089126454
q_learning,230,-0.20000000000000018,3,1,0,1,0.3141460853680822
q_learning,231,10.0,1,1,0,1,0.3125753549412418
q_learning,232,5.6,2,1,0,1,0.31101247816653554
q_learning,233,5.4,2,1,0,1,0.30945741577570285
q_learning,234,5.0,1,1,0,1,0.3079101286968243
q_learning,235,-2.0,1,1,1,1,0.3063705780533402
q_learning,236,6.0,1,1,1,1,0.30483872516307353
q_learning,237,4.0,2,1,0,1,0.3033145315372582
q_learning,238,10.0,1,1,0,1,0.3017979588795719
q_learning,239,10.0,1,1,0,1,0.30028896908517405
q_learning,240,4.0,2,1,0,1,0.2987875242397482
q_learning,241,10.0,1,1,0,1,0.29729358661854943
q_learning,242,4.440892098500626e-16,2,1,1,1,0.29580711868545667
q_learning,243,10.0,1,1,0,1,0.2943280830920294
q_learning,244,10.0,1,1,0,1,0.29285644267656924
q_learning,245,10.0,1,1,0,1,0.2913921604631864
q_learning,246,6.0,2,1,0,1,0.28993519966087045
q_learning,247,5.6,2,1,0,1,0.2884855236625661
q_learning,248,3.0,3,1,0,1,0.28704309604425327
q_learning,249,6.0,2,1,0,1,0.285607880564032
q_learning,250,5.4,2,1,0,1,0.28417984116121187
q_learning,251,10.0,1,1,0,1,0.2827589419554058
q_learning,252,10.0,1,1,0,1,0.28134514724562876
q_learning,253,10.0,1,1,0,1,0.2799384215094006
q_learning,254,4.4,1,1,1,1,0.27853872940185365
q_learning,255,-13.0,3,1,1,1,0.27714603575484437
q_learning,256,10.0,1,1,0,1,0.2757603055760701
q_learning,257,-0.20000000000000018,3,1,0,1,0.2743815040481898
q_learning,258,-0.40000000000000036,1,1,1,1,0.2730095965279488
q_learning,259,10.0,1,1,0,1,0.27164454854530906
q_learning,260,5.4,2,1,0,1,0.2702863258025825
q_learning,261,4.0,2,1,0,1,0.2689348941735696
q_learning,262,3.5999999999999996,1,1,1,1,0.26759021970270175
q_learning,263,-6.0,4,1,0,1,0.2662522686041882
q_learning,264,6.0,1,1,1,1,0.2649210072611673
q_learning,265,-0.20000000000000018,3,1,0,1,0.26359640222486147
q_learning,266,10.0,1,1,0,1,0.26227842021373715
q_learning,267,2.2,3,1,0,1,0.2609670281126685
q_learning,268,10.0,1,1,0,1,0.25966219297210513
q_learning,269,10.0,1,1,0,1,0.2583638820072446
q_learning,270,10.0,1,1,0,1,0.2570720625972084
q_learning,271,-18.0,8,1,0,1,0.25578670228422234
q_learning,272,10.0,1,1,0,1,0.25450776877280124
q_learning,273,6.0,2,1,0,1,0.2532352299289372
q_learning,274,10.0,1,1,0,1,0.2519690537792925
q_learning,275,10.0,1,1,0,1,0.2507092085103961
q_learning,276,10.0,1,1,0,1,0.2494556624678441
q_learning,277,4.0,2,1,0,1,0.24820838415550486
q_learning,278,10.0,1,1,0,1,0.24696734223472733
q_learning,279,10.0,1,1,0,1,0.2457325055235537
q_learning,280,5.6,2,1,0,1,0.24450384299593592
q_learning,281,10.0,1,1,0,1,0.24328132378095624
q_learning,282,10.0,1,1,0,1,0.24206491716205145
q_learning,283,4.0,2,1,0,1,0.2408545925762412
q_learning,284,4.0,2,1,0,1,0.23965031961336
q_learning,285,10.0,1,1,0,1,0.2384520680152932
q_learning,286,1.7999999999999998,3,1,0,1,0.23725980767521673
q_learning,287,10.0,1,1,0,1,0.23607350863684065
q_learning,288,10.0,1,1,0,1,0.23489314109365644
q_learning,289,10.0,1,1,0,1,0.23371867538818816
q_learning,290,-3.0,7,1,0,1,0.23255008201124722
q_learning,291,10.0,1,1,0,1,0.231387331601191
q_learning,292,10.0,1,1,0,1,0.23023039494318503
q_learning,293,10.0,1,1,0,1,0.2290792429684691
q_learning,294,6.0,2,1,0,1,0.22793384675362674
q_learning,295,5.4,2,1,0,1,0.22679417751985861
q_learning,296,4.440892098500626e-16,2,1,1,1,0.22566020663225933
q_learning,297,4.4,2,1,0,1,0.22453190559909803
q_learning,298,-8.0,2,1,1,1,0.22340924607110255
q_learning,299,6.0,2,1,0,1,0.22229219984074702
q_learning,300,4.440892098500626e-16,2,1,1,1,0.2211807388415433
q_learning,301,10.0,1,1,0,1,0.22007483514733558
q_learning,302,5.0,1,1,0,1,0.2189744609715989
q_learning,303,10.0,1,1,0,1,0.2178795886667409
q_learning,304,10.0,1,1,0,1,0.2167901907234072
q_learning,305,10.0,1,1,0,1,0.21570623976979014
q_learning,306,-2.0,1,1,1,1,0.21462770857094118
q_learning,307,4.4,2,1,0,1,0.21355457002808648
q_learning,308,-1.0,5,1,0,1,0.21248679717794605
q_learning,309,6.0,2,1,0,1,0.21142436319205632
q_learning,310,10.0,1,1,0,1,0.21036724137609603
q_learning,311,-14.0,5,1,0,1,0.20931540516921554
q_learning,312,-6.799999999999999,4,1,1,1,0.20826882814336947
q_learning,313,10.0,1,1,0,1,0.20722748400265262
q_learning,314,5.6,2,1,0,1,0.20619134658263935
q_learning,315,5.4,2,1,0,1,0.20516038984972615
q_learning,316,10.0,1,1,0,1,0.2041345879004775
q_learning,317,-3.3999999999999995,3,1,1,1,0.2031139149609751
q_learning,318,10.0,1,1,0,1,0.20209834538617025
q_learning,319,6.0,2,1,0,1,0.2010878536592394
q_learning,320,10.0,1,1,0,1,0.2000824143909432
q_learning,321,10.0,1,1,0,1,0.19908200231898848
q_learning,322,-8.200000000000001,9,1,0,1,0.19808659230739353
q_learning,323,10.0,1,1,0,1,0.19709615934585656
q_learning,324,10.0,1,1,0,1,0.19611067854912728
q_learning,325,10.0,1,1,0,1,0.19513012515638165
q_learning,326,10.0,1,1,0,1,0.19415447453059972
q_learning,327,10.0,1,1,0,1,0.19318370215794672
q_learning,328,10.0,1,1,0,1,0.192217783647157
q_learning,329,10.0,1,1,0,1,0.1912566947289212
q_learning,330,10.0,1,1,0,1,0.1903004112552766
q_learning,331,10.0,1,1,0,1,0.18934890919900021
q_learning,332,3.0,3,1,0,1,0.18840216465300522
q_learning,333,10.0,1,1,0,1,0.18746015382974018
q_learning,334,-1.0,3,1,0,1,0.1865228530605915
q_learning,335,5.6,2,1,0,1,0.18559023879528855
q_learning,336,1.7999999999999998,3,1,0,1,0.1846622876013121
q_learning,337,10.0,1,1,0,1,0.18373897616330553
q_learning,338,-4.0,4,1,1,1,0.182820281282489
q_learning,339,10.0,1,1,0,1,0.18190617987607657
q_learning,340,10.0,1,1,0,1,0.18099664897669618
q_learning,341,0.0,4,1,0,1,0.1800916657318127
q_learning,342,10.0,1,1,0,1,0.17919120740315364
q_learning,343,10.0,1,1,0,1,0.17829525136613786
q_learning,344,10.0,1,1,0,1,0.17740377510930716
q_learning,345,10.0,1,1,0,1,0.17651675623376062
q_learning,346,6.0,1,1,1,1,0.1756341724525918
q_learning,347,10.0,1,1,0,1,0.17475600159032884
q_learning,348,10.0,1,1,0,1,0.17388222158237718
q_learning,349,6.0,2,1,0,1,0.1730128104744653
q_learning,350,4.0,2,1,0,1,0.17214774642209296
q_learning,351,10.0,1,1,0,1,0.1712870076899825
q_learning,352,5.4,2,1,0,1,0.17043057265153258
q_learning,353,4.4,2,1,0,1,0.16957841978827493
q_learning,354,3.0,3,1,0,1,0.16873052768933355
q_learning,355,5.6,2,1,0,1,0.1678868750508869
q_learning,356,10.0,1,1,0,1,0.16704744067563246
q_learning,357,10.0,1,1,0,1,0.1662122034722543
q_learning,358,10.0,1,1,0,1,0.16538114245489302
q_learning,359,10.0,1,1,0,1,0.16455423674261854
q_learning,360,5.6,2,1,0,1,0.16373146555890544
q_learning,361,1.7999999999999998,3,1,0,1,0.16291280823111093
q_learning,362,10.0,1,1,0,1,0.16209824418995536
q_learning,363,4.4,2,1,0,1,0.16128775296900558
q_learning,364,-1.0,3,1,0,1,0.16048131420416054
q_learning,365,4.4,2,1,0,1,0.15967890763313974
q_learning,366,10.0,1,1,0,1,0.15888051309497406
q_learning,367,10.0,1,1,0,1,0.1580861105294992
q_learning,368,10.0,1,1,0,1,0.1572956799768517
q_learning,369,10.0,1,1,0,1,0.15650920157696743
q_learning,370,5.4,2,1,0,1,0.1557266555690826
q_learning,371,10.0,1,1,0,1,0.1549480222912372
q_learning,372,10.0,1,1,0,1,0.15417328217978102
q_learning,373,4.4,2,1,0,1,0.1534024157688821
q_learning,374,10.0,1,1,0,1,0.1526354036900377
q_learning,375,10.0,1,1,0,1,0.1518722266715875
q_learning,376,4.4,2,1,0,1,0.15111286553822956
q_learning,377,10.0,1,1,0,1,0.15035730121053842
q_learning,378,10.0,1,1,0,1,0.14960551470448571
q_learning,379,-1.2000000000000002,3,1,0,1,0.14885748713096328
q_learning,380,10.0,1,1,0,1,0.14811319969530845
q_learning,381,10.0,1,1,0,1,0.1473726336968319
q_learning,382,10.0,1,1,0,1,0.14663577052834775
q_learning,383,10.0,1,1,0,1,0.14590259167570602
q_learning,384,6.0,1,1,1,1,0.1451730787173275
q_learning,385,-1.8000000000000007,4,1,0,1,0.14444721332374086
q_learning,386,10.0,1,1,0,1,0.14372497725712216
q_learning,387,10.0,1,1,0,1,0.14300635237083656
q_learning,388,3.0,3,1,0,1,0.14229132060898236
q_learning,389,-0.20000000000000018,3,1,0,1,0.14157986400593744
q_learning,390,-0.20000000000000018,3,1,0,1,0.14087196468590776
q_learning,391,-1.0,3,1,1,1,0.14016760486247823
q_learning,392,10.0,1,1,0,1,0.13946676683816583
q_learning,393,10.0,1,1,0,1,0.138769433003975
q_learning,394,10.0,1,1,0,1,0.13807558583895513
q_learning,395,3.0,3,1,0,1,0.13738520790976036
q_learning,396,10.0,1,1,0,1,0.13669828187021155
q_learning,397,4.4,2,1,0,1,0.13601479046086049
q_learning,398,-0.20000000000000018,3,1,0,1,0.1353347165085562
q_learning,399,10.0,1,1,0,1,0.1346580429260134
q_learning,400,10.0,1,1,0,1,0.13398475271138335
q_learning,401,10.0,1,1,0,1,0.13331482894782642
q_learning,402,-1.0,3,1,0,1,0.13264825480308728
q_learning,403,10.0,1,1,0,1,0.13198501352907185
q_learning,404,10.0,1,1,0,1,0.1313250884614265
q_learning,405,10.0,1,1,0,1,0.13066846301911936
q_learning,406,10.0,1,1,0,1,0.13001512070402377
q_learning,407,10.0,1,1,0,1,0.12936504510050365
q_learning,408,10.0,1,1,0,1,0.12871821987500112
q_learning,409,10.0,1,1,0,1,0.12807462877562611
q_learning,410,5.4,2,1,0,1,0.12743425563174798
q_learning,411,5.0,1,1,0,1,0.12679708435358925
q_learning,412,10.0,1,1,0,1,0.1261630989318213
q_learning,413,10.0,1,1,0,1,0.1255322834371622
q_learning,414,10.0,1,1,0,1,0.12490462201997637
q_learning,415,10.0,1,1,0,1,0.1242800989098765
q_learning,416,10.0,1,1,0,1,0.12365869841532712
q_learning,417,5.6,2,1,0,1,0.12304040492325048
q_learning,418,10.0,1,1,0,1,0.12242520289863423
q_learning,419,10.0,1,1,0,1,0.12181307688414106
q_learning,420,4.4,2,1,0,1,0.12120401149972035
q_learning,421,10.0,1,1,0,1,0.12059799144222175
q_learning,422,10.0,1,1,0,1,0.11999500148501063
q_learning,423,10.0,1,1,0,1,0.11939502647758558
q_learning,424,10.0,1,1,0,1,0.11879805134519765
q_learning,425,-1.1999999999999993,4,1,0,1,0.11820406108847166
q_learning,426,-6.799999999999999,4,1,1,1,0.1176130407830293
q_learning,427,10.0,1,1,0,1,0.11702497557911415
q_learning,428,10.0,1,1,0,1,0.11643985070121858
q_learning,429,-6.0,3,1,0,1,0.11585765144771248
q_learning,430,10.0,1,1,0,1,0.11527836319047392
q_learning,431,-4.6000000000000005,3,1,1,1,0.11470197137452155
q_learning,432,10.0,1,1,0,1,0.11412846151764894
q_learning,433,5.6,2,1,0,1,0.1135578192100607
q_learning,434,4.0,2,1,0,1,0.11299003011401039
q_learning,435,4.0,2,1,0,1,0.11242507996344034
q_learning,436,10.0,1,1,0,1,0.11186295456362313
q_learning,437,10.0,1,1,0,1,0.11130363979080501
q_learning,438,0.0,4,1,0,1,0.11074712159185099
q_learning,439,10.0,1,1,0,1,0.11019338598389174
q_learning,440,-2.0,1,1,1,1,0.10964241905397228
q_learning,441,-1.0,3,1,0,1,0.10909420695870241
q_learning,442,10.0,1,1,0,1,0.1085487359239089
q_learning,443,10.0,1,1,0,1,0.10800599224428936
q_learning,444,10.0,1,1,0,1,0.10746596228306791
q_learning,445,10.0,1,1,0,1,0.10692863247165257
q_learning,446,10.0,1,1,0,1,0.1063939893092943
q_learning,447,4.0,2,1,0,1,0.10586201936274783
q_learning,448,10.0,1,1,0,1,0.10533270926593409
q_learning,449,10.0,1,1,0,1,0.10480604571960442
q_learning,450,10.0,1,1,0,1,0.1042820154910064
q_learning,451,10.0,1,1,0,1,0.10376060541355137
q_learning,452,10.0,1,1,0,1,0.1032418023864836
q_learning,453,10.0,1,1,0,1,0.10272559337455119
q_learning,454,10.0,1,1,0,1,0.10221196540767843
q_learning,455,10.0,1,1,0,1,0.10170090558064004
q_learning,456,5.4,2,1,0,1,0.10119240105273684
q_learning,457,10.0,1,1,0,1,0.10068643904747315
q_learning,458,3.0,3,1,0,1,0.10018300685223579
q_learning,459,-6.800000000000001,4,1,0,1,0.0996820918179746
q_learning,460,10.0,1,1,0,1,0.09918368135888474
q_learning,461,10.0,1,1,0,1,0.09868776295209031
q_learning,462,10.0,1,1,0,1,0.09819432413732986
q_learning,463,10.0,1,1,0,1,0.09770335251664321
q_learning,464,10.0,1,1,0,1,0.09721483575406
q_learning,465,10.0,1,1,0,1,0.09672876157528969
q_learning,466,-6.799999999999999,4,1,1,1,0.09624511776741324
q_learning,467,10.0,1,1,0,1,0.09576389217857617
q_learning,468,10.0,1,1,0,1,0.09528507271768329
q_learning,469,4.0,2,1,0,1,0.09480864735409487
q_learning,470,-18.0,4,1,1,1,0.0943346041173244
q_learning,471,10.0,1,1,0,1,0.09386293109673778
q_learning,472,10.0,1,1,0,1,0.09339361644125409
q_learning,473,10.0,1,1,0,1,0.09292664835904782
q_learning,474,10.0,1,1,0,1,0.09246201511725258
q_learning,475,10.0,1,1,0,1,0.09199970504166631
q_learning,476,10.0,1,1,0,1,0.09153970651645797
q_learning,477,-4.6000000000000005,3,1,1,1,0.09108200798387568
q_learning,478,10.0,1,1,0,1,0.0906265979439563
q_learning,479,-1.0,1,1,1,1,0.09017346495423652
q_learning,480,10.0,1,1,0,1,0.08972259762946533
q_learning,481,4.4,2,1,0,1,0.089273984641318
q_learning,482,10.0,1,1,0,1,0.0888276147181114
q_learning,483,10.0,1,1,0,1,0.08838347664452084
q_learning,484,10.0,1,1,0,1,0.08794155926129824
q_learning,485,5.0,1,1,0,1,0.08750185146499175
q_learning,486,10.0,1,1,0,1,0.08706434220766679
q_learning,487,10.0,1,1,0,1,0.08662902049662846
q_learning,488,5.4,2,1,0,1,0.08619587539414532
q_learning,489,2.2,3,1,0,1,0.08576489601717459
q_learning,490,10.0,1,1,0,1,0.08533607153708872
q_learning,491,-0.20000000000000018,3,1,0,1,0.08490939117940327
q_learning,492,4.4,1,1,1,1,0.08448484422350626
q_learning,493,-30.0,10,0,0,1,0.08406242000238873
q_learning,494,5.6,2,1,0,1,0.08364210790237678
q_learning,495,10.0,1,1,0,1,0.0832238973628649
q_learning,496,10.0,1,1,0,1,0.08280777787605056
q_learning,497,10.0,1,1,0,1,0.08239373898667031
q_learning,498,-0.40000000000000036,1,1,1,1,0.08198177029173696
q_learning,499,10.0,1,1,0,1,0.08157186144027828
q_learning,0,10.0,1,1,0,0,0.02
q_learning,1,5.6,2,1,0,0,0.02
q_learning,2,10.0,1,1,0,0,0.02
q_learning,3,10.0,1,1,0,0,0.02
q_learning,4,10.0,1,1,0,0,0.02
q_learning,5,10.0,1,1,0,0,0.02
q_learning,6,10.0,1,1,0,0,0.02
q_learning,7,10.0,1,1,0,0,0.02
q_learning,8,10.0,1,1,0,0,0.02
q_learning,9,4.0,2,1,0,0,0.02
q_learning,10,10.0,1,1,0,0,0.02
q_learning,11,10.0,1,1,0,0,0.02
q_learning,12,10.0,1,1,0,0,0.02
q_learning,13,-4.0,4,1,1,0,0.02
q_learning,14,10.0,1,1,0,0,0.02
q_learning,15,4.0,2,1,0,0,0.02
q_learning,16,10.0,1,1,0,0,0.02
q_learning,17,5.6,2,1,0,0,0.02
q_learning,18,-4.0,4,1,1,0,0.02
q_learning,19,10.0,1,1,0,0,0.02
q_learning,20,4.0,2,1,0,0,0.02
q_learning,21,3.0,3,1,0,0,0.02
q_learning,22,10.0,1,1,0,0,0.02
q_learning,23,4.440892098500626e-16,2,1,1,0,0.02
q_learning,24,10.0,1,1,0,0,0.02
q_learning,25,10.0,1,1,0,0,0.02
q_learning,26,10.0,1,1,0,0,0.02
q_learning,27,10.0,1,1,0,0,0.02
q_learning,28,-14.0,5,1,0,0,0.02
q_learning,29,10.0,1,1,0,0,0.02
q_learning,30,10.0,1,1,0,0,0.02
q_learning,31,10.0,1,1,0,0,0.02
q_learning,32,4.4,2,1,0,0,0.02
q_learning,33,10.0,1,1,0,0,0.02
q_learning,34,10.0,1,1,0,0,0.02
q_learning,35,6.0,2,1,0,0,0.02
q_learning,36,10.0,1,1,0,0,0.02
q_learning,37,5.0,1,1,0,0,0.02
q_learning,38,10.0,1,1,0,0,0.02
q_learning,39,10.0,1,1,0,0,0.02
q_learning,40,4.4,2,1,0,0,0.02
q_learning,41,10.0,1,1,0,0,0.02
q_learning,42,10.0,1,1,0,0,0.02
q_learning,43,10.0,1,1,0,0,0.02
q_learning,44,6.0,2,1,0,0,0.02
q_learning,45,10.0,1,1,0,0,0.02
q_learning,46,10.0,1,1,0,0,0.02
q_learning,47,10.0,1,1,0,0,0.02
q_learning,48,10.0,1,1,0,0,0.02
q_learning,49,10.0,1,1,0,0,0.02
q_learning,50,10.0,1,1,0,0,0.02
q_learning,51,4.0,2,1,0,0,0.02
q_learning,52,10.0,1,1,0,0,0.02
q_learning,53,10.0,1,1,0,0,0.02
q_learning,54,5.6,2,1,0,0,0.02
q_learning,55,10.0,1,1,0,0,0.02
q_learning,56,5.0,1,1,0,0,0.02
q_learning,57,4.4,2,1,0,0,0.02
q_learning,58,10.0,1,1,0,0,0.02
q_learning,59,10.0,1,1,0,0,0.02
q_learning,60,4.440892098500626e-16,2,1,1,0,0.02
q_learning,61,3.0,3,1,0,0,0.02
q_learning,62,10.0,1,1,0,0,0.02
q_learning,63,5.0,1,1,0,0,0.02
q_learning,64,10.0,1,1,0,0,0.02
q_learning,65,10.0,1,1,0,0,0.02
q_learning,66,10.0,1,1,0,0,0.02
q_learning,67,10.0,1,1,0,0,0.02
q_learning,68,5.0,1,1,0,0,0.02
q_learning,69,5.6,2,1,0,0,0.02
q_learning,70,10.0,1,1,0,0,0.02
q_learning,71,10.0,1,1,0,0,0.02
q_learning,72,10.0,1,1,0,0,0.02
q_learning,73,10.0,1,1,0,0,0.02
q_learning,74,4.440892098500626e-16,2,1,1,0,0.02
q_learning,75,5.6,2,1,0,0,0.02
q_learning,76,4.4,2,1,0,0,0.02
q_learning,77,6.0,2,1,0,0,0.02
q_learning,78,5.0,1,1,0,0,0.02
q_learning,79,10.0,1,1,0,0,0.02
q_learning,80,10.0,1,1,0,0,0.02
q_learning,81,10.0,1,1,0,0,0.02
q_learning,82,10.0,1,1,0,0,0.02
q_learning,83,10.0,1,1,0,0,0.02
q_learning,84,-23.0,8,1,0,0,0.02
q_learning,85,10.0,1,1,0,0,0.02
q_learning,86,5.4,2,1,0,0,0.02
q_learning,87,10.0,1,1,0,0,0.02
q_learning,88,10.0,1,1,0,0,0.02
q_learning,89,10.0,1,1,0,0,0.02
q_learning,90,6.0,2,1,0,0,0.02
q_learning,91,10.0,1,1,0,0,0.02
q_learning,92,5.6,2,1,0,0,0.02
q_learning,93,10.0,1,1,0,0,0.02
q_learning,94,-1.0,5,1,0,0,0.02
q_learning,95,10.0,1,1,0,0,0.02
q_learning,96,4.440892098500626e-16,2,1,1,0,0.02
q_learning,97,-0.20000000000000018,3,1,0,0,0.02
q_learning,98,10.0,1,1,0,0,0.02
q_learning,99,-1.1999999999999993,4,1,0,0,0.02
q_learning,100,10.0,1,1,0,0,0.02
q_learning,101,10.0,1,1,0,0,0.02
q_learning,102,10.0,1,1,0,0,0.02
q_learning,103,10.0,1,1,0,0,0.02
q_learning,104,10.0,1,1,0,0,0.02
q_learning,105,10.0,1,1,0,0,0.02
q_learning,106,10.0,1,1,0,0,0.02
q_learning,107,10.0,1,1,0,0,0.02
q_learning,108,-4.0,4,1,1,0,0.02
q_learning,109,10.0,1,1,0,0,0.02
q_learning,110,6.0,2,1,0,0,0.02
q_learning,111,10.0,1,1,0,0,0.02
q_learning,112,10.0,1,1,0,0,0.02
q_learning,113,10.0,1,1,0,0,0.02
q_learning,114,10.0,1,1,0,0,0.02
q_learning,115,10.0,1,1,0,0,0.02
q_learning,116,10.0,1,1,0,0,0.02
q_learning,117,10.0,1,1,0,0,0.02
q_learning,118,-4.0,4,1,1,0,0.02
q_learning,119,6.0,2,1,0,0,0.02
q_learning,120,10.0,1,1,0,0,0.02
q_learning,121,10.0,1,1,0,0,0.02
q_learning,122,10.0,1,1,0,0,0.02
q_learning,123,5.0,1,1,0,0,0.02
q_learning,124,10.0,1,1,0,0,0.02
q_learning,125,10.0,1,1,0,0,0.02
q_learning,126,4.0,2,1,0,0,0.02
q_learning,127,-4.0,4,1,1,0,0.02
q_learning,128,10.0,1,1,0,0,0.02
q_learning,129,-1.0,2,1,0,0,0.02
q_learning,130,10.0,1,1,0,0,0.02
q_learning,131,10.0,1,1,0,0,0.02
q_learning,132,10.0,1,1,0,0,0.02
q_learning,133,5.0,1,1,0,0,0.02
q_learning,134,10.0,1,1,0,0,0.02
q_learning,135,10.0,1,1,0,0,0.02
q_learning,136,3.0,3,1,0,0,0.02
q_learning,137,10.0,1,1,0,0,0.02
q_learning,138,10.0,1,1,0,0,0.02
q_learning,139,10.0,1,1,0,0,0.02
q_learning,140,10.0,1,1,0,0,0.02
q_learning,141,-4.800000000000001,4,1,0,0,0.02
q_learning,142,10.0,1,1,0,0,0.02
q_learning,143,10.0,1,1,0,0,0.02
q_learning,144,10.0,1,1,0,0,0.02
q_learning,145,10.0,1,1,0,0,0.02
q_learning,146,6.0,2,1,0,0,0.02
q_learning,147,10.0,1,1,0,0,0.02
q_learning,148,5.0,1,1,0,0,0.02
q_learning,149,10.0,1,1,0,0,0.02
q_learning,150,10.0,1,1,0,0,0.02
q_learning,151,4.4,2,1,0,0,0.02
q_learning,152,10.0,1,1,0,0,0.02
q_learning,153,5.6,2,1,0,0,0.02
q_learning,154,4.4,2,1,0,0,0.02
q_learning,155,10.0,1,1,0,0,0.02
q_learning,156,10.0,1,1,0,0,0.02
q_learning,157,10.0,1,1,0,0,0.02
q_learning,158,10.0,1,1,0,0,0.02
q_learning,159,10.0,1,1,0,0,0.02
q_learning,160,10.0,1,1,0,0,0.02
q_learning,161,10.0,1,1,0,0,0.02
q_learning,162,10.0,1,1,0,0,0.02
q_learning,163,10.0,1,1,0,0,0.02
q_learning,164,10.0,1,1,0,0,0.02
q_learning,165,3.0,3,1,0,0,0.02
q_learning,166,-6.0,3,1,0,0,0.02
q_learning,167,6.0,2,1,0,0,0.02
q_learning,168,5.4,2,1,0,0,0.02
q_learning,169,10.0,1,1,0,0,0.02
q_learning,170,-1.1999999999999993,4,1,0,0,0.02
q_learning,171,10.0,1,1,0,0,0.02
q_learning,172,10.0,1,1,0,0,0.02
q_learning,173,0.0,4,1,0,0,0.02
q_learning,174,4.0,2,1,0,0,0.02
q_learning,175,10.0,1,1,0,0,0.02
q_learning,176,5.0,1,1,0,0,0.02
q_learning,177,4.0,2,1,0,0,0.02
q_learning,178,10.0,1,1,0,0,0.02
q_learning,179,10.0,1,1,0,0,0.02
q_learning,180,6.0,2,1,0,0,0.02
q_learning,181,5.0,1,1,0,0,0.02
q_learning,182,10.0,1,1,0,0,0.02
q_learning,183,10.0,1,1,0,0,0.02
q_learning,184,10.0,1,1,0,0,0.02
q_learning,185,5.0,1,1,0,0,0.02
q_learning,186,10.0,1,1,0,0,0.02
q_learning,187,10.0,1,1,0,0,0.02
q_learning,188,10.0,1,1,0,0,0.02
q_learning,189,10.0,1,1,0,0,0.02
q_learning,190,5.4,2,1,0,0,0.02
q_learning,191,5.6,2,1,0,0,0.02
q_learning,192,10.0,1,1,0,0,0.02
q_learning,193,6.0,2,1,0,0,0.02
q_learning,194,10.0,1,1,0,0,0.02
q_learning,195,10.0,1,1,0,0,0.02
q_learning,196,10.0,1,1,0,0,0.02
q_learning,197,-1.1999999999999993,4,1,0,0,0.02
q_learning,198,10.0,1,1,0,0,0.02
q_learning,199,10.0,1,1,0,0,0.02
ucb,0,6.0,2,1,0,1,
ucb,1,10.0,1,1,0,1,
ucb,2,4.4,2,1,0,1,
ucb,3,10.0,1,1,0,1,
ucb,4,-0.20000000000000018,3,1,0,1,
ucb,5,-2.0,1,1,1,1,
ucb,6,5.4,2,1,0,1,
ucb,7,-2.0,1,1,1,1,
ucb,8,10.0,1,1,0,1,
ucb,9,4.0,2,1,0,1,
ucb,10,5.4,2,1,0,1,
ucb,11,10.0,1,1,0,1,
ucb,12,-10.600000000000001,3,1,1,1,
ucb,13,-3.3999999999999995,3,1,1,1,
ucb,14,-13.0,3,1,1,1,
ucb,15,-1.8000000000000007,4,1,0,1,
ucb,16,-3.3999999999999995,3,1,1,1,
ucb,17,10.0,1,1,0,1,
ucb,18,-1.0,3,1,1,1,
ucb,19,6.0,2,1,0,1,
ucb,20,5.4,2,1,0,1,
ucb,21,10.0,1,1,0,1,
ucb,22,5.6,2,1,0,1,
ucb,23,4.4,2,1,0,1,
ucb,24,5.6,2,1,0,1,
ucb,25,10.0,1,1,0,1,
ucb,26,5.6,2,1,0,1,
ucb,27,-10.0,1,0,1,1,
ucb,28,-0.20000000000000018,3,1,0,1,
ucb,29,-1.0,3,1,1,1,
ucb,30,10.0,1,1,0,1,
ucb,31,10.0,1,1,0,1,
ucb,32,-4.6000000000000005,3,1,1,1,
ucb,33,5.4,2,1,0,1,
ucb,34,10.0,1,1,0,1,
ucb,35,10.0,1,1,0,1,
ucb,36,10.0,1,1,0,1,
ucb,37,1.7999999999999998,3,1,0,1,
ucb,38,0.0,4,1,0,1,
ucb,39,-16.0,10,0,0,1,
ucb,40,-8.0,2,1,1,1,
ucb,41,10.0,1,1,0,1,
ucb,42,10.0,1,1,0,1,
ucb,43,10.0,1,1,0,1,
ucb,44,10.0,1,1,0,1,
ucb,45,10.0,1,1,0,1,
ucb,46,10.0,1,1,0,1,
ucb,47,5.6,2,1,0,1,
ucb,48,5.6,2,1,0,1,
ucb,49,-1.0,3,1,0,1,
ucb,50,-1.0,3,1,1,1,
ucb,51,10.0,1,1,0,1,
ucb,52,10.0,1,1,0,1,
ucb,53,10.0,1,1,0,1,
ucb,54,5.6,2,1,0,1,
ucb,55,10.0,1,1,0,1,
ucb,56,3.0,3,1,0,1,
ucb,57,4.4,2,1,0,1,
ucb,58,10.0,1,1,0,1,
ucb,59,-3.0,3,1,0,1,
ucb,60,3.0,3,1,0,1,
ucb,61,-1.0,3,1,0,1,
ucb,62,10.0,1,1,0,1,
ucb,63,10.0,1,1,0,1,
ucb,64,10.0,1,1,0,1,
ucb,65,10.0,1,1,0,1,
ucb,66,10.0,1,1,0,1,
ucb,67,10.0,1,1,0,1,
ucb,68,10.0,1,1,0,1,
ucb,69,10.0,1,1,0,1,
ucb,70,10.0,1,1,0,1,
ucb,71,10.0,1,1,0,1,
ucb,72,-10.600000000000001,3,1,1,1,
ucb,73,10.0,1,1,0,1,
ucb,74,5.6,2,1,0,1,
ucb,75,10.0,1,1,0,1,
ucb,76,10.0,1,1,0,1,
ucb,77,-14.000000000000002,10,0,0,1,
ucb,78,10.0,1,1,0,1,
ucb,79,4.4,2,1,0,1,
ucb,80,10.0,1,1,0,1,
ucb,81,10.0,1,1,0,1,
ucb,82,10.0,1,1,0,1,
ucb,83,10.0,1,1,0,1,
ucb,84,-8.200000000000001,4,1,1,1,
ucb,85,10.0,1,1,0,1,
ucb,86,10.0,1,1,0,1,
ucb,87,10.0,1,1,0,1,
ucb,88,4.4,2,1,0,1,
ucb,89,-1.0,3,1,1,1,
ucb,90,10.0,1,1,0,1,
ucb,91,10.0,1,1,0,1,
ucb,92,6.0,2,1,0,1,
ucb,93,3.0,3,1,0,1,
ucb,94,10.0,1,1,0,1,
ucb,95,-6.799999999999999,4,1,1,1,
ucb,96,-1.8000000000000007,4,1,0,1,
ucb,97,3.0,3,1,0,1,
ucb,98,-8.0,2,1,1,1,
ucb,99,10.0,1,1,0,1,
ucb,100,-1.1999999999999993,4,1,0,1,
ucb,101,-0.20000000000000018,3,1,0,1,
ucb,102,6.0,2,1,0,1,
ucb,103,10.0,1,1,0,1,
ucb,104,10.0,1,1,0,1,
ucb,105,10.0,1,1,0,1,
ucb,106,10.0,1,1,0,1,
ucb,107,10.0,1,1,0,1,
ucb,108,10.0,1,1,0,1,
ucb,109,4.4,2,1,0,1,
ucb,110,-6.799999999999999,4,1,1,1,
ucb,111,-3.0,7,1,0,1,
ucb,112,-8.0,2,1,1,1,
ucb,113,10.0,1,1,0,1,
ucb,114,6.0,2,1,0,1,
ucb,115,4.4,2,1,0,1,
ucb,116,4.0,2,1,0,1,
ucb,117,10.0,1,1,0,1,
ucb,118,4.4,2,1,0,1,
ucb,119,2.2,3,1,0,1,
ucb,120,-4.0,4,1,1,1,
ucb,121,10.0,1,1,0,1,
ucb,122,4.0,2,1,0,1,
ucb,123,6.0,2,1,0,1,
ucb,124,10.0,1,1,0,1,
ucb,125,10.0,1,1,0,1,
ucb,126,-13.0,2,1,1,1,
ucb,127,10.0,1,1,0,1,
ucb,128,4.4,2,1,0,1,
ucb,129,5.6,2,1,0,1,
ucb,130,-6.799999999999999,4,1,1,1,
ucb,131,10.0,1,1,0,1,
ucb,132,2.2,3,1,0,1,
ucb,133,10.0,1,1,0,1,
ucb,134,5.6,2,1,0,1,
ucb,135,10.0,1,1,0,1,
ucb,136,6.0,2,1,0,1,
ucb,137,10.0,1,1,0,1,
ucb,138,10.0,1,1,0,1,
ucb,139,-3.8000000000000007,4,1,0,1,
ucb,140,4.4,2,1,0,1,
ucb,141,10.0,1,1,0,1,
ucb,142,-18.0,4,1,1,1,
ucb,143,-2.5999999999999996,5,1,0,1,
ucb,144,4.0,2,1,0,1,
ucb,145,10.0,1,1,0,1,
ucb,146,10.0,1,1,0,1,
ucb,147,-18.0,3,1,1,1,
ucb,148,10.0,1,1,0,1,
ucb,149,4.4,2,1,0,1,
ucb,150,10.0,1,1,0,1,
ucb,151,10.0,1,1,0,1,
ucb,152,10.0,1,1,0,1,
ucb,153,5.6,2,1,0,1,
ucb,154,2.2,3,1,0,1,
ucb,155,4.4,2,1,0,1,
ucb,156,10.0,1,1,0,1,
ucb,157,3.0,3,1,0,1,
ucb,158,10.0,1,1,0,1,
ucb,159,10.0,1,1,0,1,
ucb,160,5.4,2,1,0,1,
ucb,161,10.0,1,1,0,1,
ucb,162,-2.0,1,1,1,1,
ucb,163,-4.800000000000001,4,1,0,1,
ucb,164,5.4,2,1,0,1,
ucb,165,10.0,1,1,0,1,
ucb,166,10.0,1,1,0,1,
ucb,167,10.0,1,1,0,1,
ucb,168,10.0,1,1,0,1,
ucb,169,10.0,1,1,0,1,
ucb,170,4.0,2,1,0,1,
ucb,171,10.0,1,1,0,1,
ucb,172,10.0,1,1,0,1,
ucb,173,10.0,1,1,0,1,
ucb,174,4.4,2,1,0,1,
ucb,175,10.0,1,1,0,1,
ucb,176,-12.0,6,1,0,1,
ucb,177,10.0,1,1,0,1,
ucb,178,5.6,2,1,0,1,
ucb,179,-14.100000000000001,7,1,0,1,
ucb,180,10.0,1,1,0,1,
ucb,181,10.0,1,1,0,1,
ucb,182,-1.1999999999999993,4,1,0,1,
ucb,183,10.0,1,1,0,1,
ucb,184,10.0,1,1,0,1,
ucb,185,10.0,1,1,0,1,
ucb,186,10.0,1,1,0,1,
ucb,187,10.0,1,1,0,1,
ucb,188,5.6,2,1,0,1,
ucb,189,10.0,1,1,0,1,
ucb,190,10.0,1,1,0,1,
ucb,191,6.0,2,1,0,1,
ucb,192,6.0,2,1,0,1,
ucb,193,10.0,1,1,0,1,
ucb,194,10.0,1,1,0,1,
ucb,195,10.0,1,1,0,1,
ucb,196,10.0,1,1,0,1,
ucb,197,10.0,1,1,0,1,
ucb,198,-12.0,6,1,0,1,
ucb,199,6.0,2,1,0,1,
ucb,200,10.0,1,1,0,1,
ucb,201,10.0,1,1,0,1,
ucb,202,4.0,2,1,0,1,
ucb,203,10.0,1,1,0,1,
ucb,204,5.4,2,1,0,1,
ucb,205,5.6,2,1,0,1,
ucb,206,10.0,1,1,0,1,
ucb,207,10.0,1,1,0,1,
ucb,208,10.0,1,1,0,1,
ucb,209,-6.799999999999999,4,1,1,1,
ucb,210,10.0,1,1,0,1,
ucb,211,4.0,2,1,0,1,
ucb,212,10.0,1,1,0,1,
ucb,213,10.0,1,1,0,1,
ucb,214,10.0,1,1,0,1,
ucb,215,-0.20000000000000018,3,1,0,1,
ucb,216,10.0,1,1,0,1,
ucb,217,5.6,2,1,0,1,
ucb,218,5.4,2,1,0,1,
ucb,219,10.0,1,1,0,1,
ucb,220,10.0,1,1,0,1,
ucb,221,10.0,1,1,0,1,
ucb,222,4.0,2,1,0,1,
ucb,223,10.0,1,1,0,1,
ucb,224,10.0,1,1,0,1,
ucb,225,10.0,1,1,0,1,
ucb,226,6.0,2,1,0,1,
ucb,227,10.0,1,1,0,1,
ucb,228,10.0,1,1,0,1,
ucb,229,10.0,1,1,0,1,
ucb,230,5.6,2,1,0,1,
ucb,231,3.0,3,1,0,1,
ucb,232,5.6,2,1,0,1,
ucb,233,3.0,3,1,0,1,
ucb,234,6.0,2,1,0,1,
ucb,235,5.4,2,1,0,1,
ucb,236,10.0,1,1,0,1,
ucb,237,10.0,1,1,0,1,
ucb,238,4.4,2,1,0,1,
ucb,239,2.0,3,1,0,1,
ucb,240,4.4,2,1,0,1,
ucb,241,10.0,1,1,0,1,
ucb,242,10.0,1,1,0,1,
ucb,243,10.0,1,1,0,1,
ucb,244,10.0,1,1,0,1,
ucb,245,5.4,2,1,0,1,
ucb,246,4.0,2,1,0,1,
ucb,247,10.0,1,1,0,1,
ucb,248,-13.0,3,1,1,1,
ucb,249,5.6,2,1,0,1,
ucb,250,-0.20000000000000018,3,1,0,1,
ucb,251,10.0,1,1,0,1,
ucb,252,2.2,3,1,0,1,
ucb,253,10.0,1,1,0,1,
ucb,254,10.0,1,1,0,1,
ucb,255,5.4,2,1,0,1,
ucb,256,-8.200000000000001,4,1,1,1,
ucb,257,-4.0,4,1,1,1,
ucb,258,-1.0,3,1,0,1,
ucb,259,5.6,2,1,0,1,
ucb,260,10.0,1,1,0,1,
ucb,261,10.0,1,1,0,1,
ucb,262,10.0,1,1,0,1,
ucb,263,10.0,1,1,0,1,
ucb,264,10.0,1,1,0,1,
ucb,265,5.6,2,1,0,1,
ucb,266,10.0,1,1,0,1,
ucb,267,10.0,1,1,0,1,
ucb,268,4.0,2,1,0,1,
ucb,269,4.0,2,1,0,1,
ucb,270,10.0,1,1,0,1,
ucb,271,1.7999999999999998,3,1,0,1,
ucb,272,10.0,1,1,0,1,
ucb,273,10.0,1,1,0,1,
ucb,274,10.0,1,1,0,1,
ucb,275,-1.0,5,1,0,1,
ucb,276,10.0,1,1,0,1,
ucb,277,-15.200000000000001,4,1,1,1,
ucb,278,10.0,1,1,0,1,
ucb,279,10.0,1,1,0,1,
ucb,280,10.0,1,1,0,1,
ucb,281,5.4,2,1,0,1,
ucb,282,5.6,2,1,0,1,
ucb,283,4.4,2,1,0,1,
ucb,284,4.0,2,1,0,1,
ucb,285,6.0,2,1,0,1,
ucb,286,-2.5999999999999996,5,1,0,1,
ucb,287,10.0,1,1,0,1,
ucb,288,6.0,2,1,0,1,
ucb,289,10.0,1,1,0,1,
ucb,290,10.0,1,1,0,1,
ucb,291,10.0,1,1,0,1,
ucb,292,4.4,2,1,0,1,
ucb,293,-4.0,4,1,1,1,
ucb,294,-1.1999999999999993,4,1,0,1,
ucb,295,10.0,1,1,0,1,
ucb,296,-8.200000000000001,4,1,1,1,
ucb,297,2.2,3,1,0,1,
ucb,298,10.0,1,1,0,1,
ucb,299,6.1,2,1,0,1,
ucb,300,5.4,2,1,0,1,
ucb,301,10.0,1,1,0,1,
ucb,302,-3.3999999999999995,3,1,1,1,
ucb,303,2.2,3,1,0,1,
ucb,304,-3.4000000000000004,5,1,0,1,
ucb,305,10.0,1,1,0,1,
ucb,306,2.2,3,1,0,1,
ucb,307,5.4,2,1,0,1,
ucb,308,10.0,1,1,0,1,
ucb,309,10.0,1,1,0,1,
ucb,310,5.6,2,1,0,1,
ucb,311,6.0,2,1,0,1,
ucb,312,6.0,2,1,0,1,
ucb,313,10.0,1,1,0,1,
ucb,314,10.0,1,1,0,1,
ucb,315,10.0,1,1,0,1,
ucb,316,3.0,3,1,0,1,
ucb,317,6.0,2,1,0,1,
ucb,318,6.0,2,1,0,1,
ucb,319,-1.2000000000000002,3,1,0,1,
ucb,320,10.0,1,1,0,1,
ucb,321,4.4,2,1,0,1,
ucb,322,10.0,1,1,0,1,
ucb,323,4.4,2,1,0,1,
ucb,324,5.6,2,1,0,1,
ucb,325,10.0,1,1,0,1,
ucb,326,4.0,2,1,0,1,
ucb,327,5.6,2,1,0,1,
ucb,328,10.0,1,1,0,1,
ucb,329,10.0,1,1,0,1,
ucb,330,4.4,2,1,0,1,
ucb,331,-9.0,5,1,0,1,
ucb,332,10.0,1,1,0,1,
ucb,333,10.0,1,1,0,1,
ucb,334,-2.5999999999999996,5,1,0,1,
ucb,335,10.0,1,1,0,1,
ucb,336,-1.0,3,1,0,1,
ucb,337,10.0,1,1,0,1,
ucb,338,10.0,1,1,0,1,
ucb,339,10.0,1,1,0,1,
ucb,340,10.0,1,1,0,1,
ucb,341,10.0,1,1,0,1,
ucb,342,6.0,2,1,0,1,
ucb,343,10.0,1,1,0,1,
ucb,344,-4.6000000000000005,3,1,1,1,
ucb,345,10.0,1,1,0,1,
ucb,346,10.0,1,1,0,1,
ucb,347,10.0,1,1,0,1,
ucb,348,10.0,1,1,0,1,
ucb,349,10.0,1,1,0,1,
ucb,350,6.0,2,1,0,1,
ucb,351,10.0,1,1,0,1,
ucb,352,10.0,1,1,0,1,
ucb,353,10.0,1,1,0,1,
ucb,354,10.0,1,1,0,1,
ucb,355,10.0,1,1,0,1,
ucb,356,6.0,2,1,0,1,
ucb,357,10.0,1,1,0,1,
ucb,358,4.4,2,1,0,1,
ucb,359,6.0,2,1,0,1,
ucb,360,3.0,3,1,0,1,
ucb,361,4.4,2,1,0,1,
ucb,362,10.0,1,1,0,1,
ucb,363,10.0,1,1,0,1,
ucb,364,-0.20000000000000018,3,1,0,1,
ucb,365,10.0,1,1,0,1,
ucb,366,10.0,1,1,0,1,
ucb,367,10.0,1,1,0,1,
ucb,368,10.0,1,1,0,1,
ucb,369,10.0,1,1,0,1,
ucb,370,-8.200000000000001,4,1,1,1,
ucb,371,10.0,1,1,0,1,
ucb,372,10.0,1,1,0,1,
ucb,373,3.0,3,1,0,1,
ucb,374,-0.20000000000000018,3,1,0,1,
ucb,375,-0.20000000000000018,3,1,0,1,
ucb,376,6.0,2,1,0,1,
ucb,377,10.0,1,1,0,1,
ucb,378,10.0,1,1,0,1,
ucb,379,10.0,1,1,0,1,
ucb,380,10.0,1,1,0,1,
ucb,381,10.0,1,1,0,1,
ucb,382,-6.0,4,1,0,1,
ucb,383,10.0,1,1,0,1,
ucb,384,10.0,1,1,0,1,
ucb,385,10.0,1,1,0,1,
ucb,386,10.0,1,1,0,1,
ucb,387,10.0,1,1,0,1,
ucb,388,-1.0,3,1,0,1,
ucb,389,10.0,1,1,0,1,
ucb,390,10.0,1,1,0,1,
ucb,391,10.0,1,1,0,1,
ucb,392,4.4,2,1,0,1,
ucb,393,10.0,1,1,0,1,
ucb,394,10.0,1,1,0,1,
ucb,395,5.4,2,1,0,1,
ucb,396,10.0,1,1,0,1,
ucb,397,6.0,2,1,0,1,
ucb,398,10.0,1,1,0,1,
ucb,399,10.0,1,1,0,1,
ucb,400,10.0,1,1,0,1,
ucb,401,10.0,1,1,0,1,
ucb,402,5.6,2,1,0,1,
ucb,403,10.0,1,1,0,1,
ucb,404,10.0,1,1,0,1,
ucb,405,4.4,2,1,0,1,
ucb,406,10.0,1,1,0,1,
ucb,407,10.0,1,1,0,1,
ucb,408,10.0,1,1,0,1,
ucb,409,6.0,2,1,0,1,
ucb,410,10.0,1,1,0,1,
ucb,411,10.0,1,1,0,1,
ucb,412,5.4,2,1,0,1,
ucb,413,10.0,1,1,0,1,
ucb,414,10.0,1,1,0,1,
ucb,415,-1.0,3,1,0,1,
ucb,416,10.0,1,1,0,1,
ucb,417,1.7999999999999998,3,1,0,1,
ucb,418,10.0,1,1,0,1,
ucb,419,6.1,2,1,0,1,
ucb,420,4.0,2,1,0,1,
ucb,421,4.0,2,1,0,1,
ucb,422,10.0,1,1,0,1,
ucb,423,10.0,1,1,0,1,
ucb,424,6.0,2,1,0,1,
ucb,425,10.0,1,1,0,1,
ucb,426,5.4,2,1,0,1,
ucb,427,-1.0,3,1,0,1,
ucb,428,10.0,1,1,0,1,
ucb,429,4.4,2,1,0,1,
ucb,430,10.0,1,1,0,1,
ucb,431,5.6,2,1,0,1,
ucb,432,6.0,2,1,0,1,
ucb,433,10.0,1,1,0,1,
ucb,434,10.0,1,1,0,1,
ucb,435,10.0,1,1,0,1,
ucb,436,10.0,1,1,0,1,
ucb,437,5.6,2,1,0,1,
ucb,438,5.4,2,1,0,1,
ucb,439,10.0,1,1,0,1,
ucb,440,10.0,1,1,0,1,
ucb,441,5.4,2,1,0,1,
ucb,442,6.0,2,1,0,1,
ucb,443,6.0,2,1,0,1,
ucb,444,6.0,2,1,0,1,
ucb,445,5.6,2,1,0,1,
ucb,446,10.0,1,1,0,1,
ucb,447,10.0,1,1,0,1,
ucb,448,6.0,2,1,0,1,
ucb,449,10.0,1,1,0,1,
ucb,450,10.0,1,1,0,1,
ucb,451,-2.5999999999999996,5,1,0,1,
ucb,452,-1.8000000000000007,4,1,0,1,
ucb,453,5.6,2,1,0,1,
ucb,454,-0.20000000000000018,3,1,0,1,
ucb,455,10.0,1,1,0,1,
ucb,456,10.0,1,1,0,1,
ucb,457,10.0,1,1,0,1,
ucb,458,10.0,1,1,0,1,
ucb,459,10.0,1,1,0,1,
ucb,460,5.4,2,1,0,1,
ucb,461,6.0,2,1,0,1,
ucb,462,-0.20000000000000018,3,1,0,1,
ucb,463,4.4,2,1,0,1,
ucb,464,6.0,2,1,0,1,
ucb,465,10.0,1,1,0,1,
ucb,466,5.6,2,1,0,1,
ucb,467,10.0,1,1,0,1,
ucb,468,10.0,1,1,0,1,
ucb,469,5.4,2,1,0,1,
ucb,470,2.2,3,1,0,1,
ucb,471,10.0,1,1,0,1,
ucb,472,-0.20000000000000018,3,1,0,1,
ucb,473,10.0,1,1,0,1,
ucb,474,-6.0,4,1,0,1,
ucb,475,10.0,1,1,0,1,
ucb,476,10.0,1,1,0,1,
ucb,477,5.6,2,1,0,1,
ucb,478,10.0,1,1,0,1,
ucb,479,10.0,1,1,0,1,
ucb,480,10.0,1,1,0,1,
ucb,481,10.0,1,1,0,1,
ucb,482,10.0,1,1,0,1,
ucb,483,10.0,1,1,0,1,
ucb,484,10.0,1,1,0,1,
ucb,485,10.0,1,1,0,1,
ucb,486,10.0,1,1,0,1,
ucb,487,5.6,2,1,0,1,
ucb,488,-1.1999999999999993,4,1,0,1,
ucb,489,10.0,1,1,0,1,
ucb,490,5.6,2,1,0,1,
ucb,491,10.0,1,1,0,1,
ucb,492,10.0,1,1,0,1,
ucb,493,10.0,1,1,0,1,
ucb,494,10.0,1,1,0,1,
ucb,495,10.0,1,1,0,1,
ucb,496,4.4,2,1,0,1,
ucb,497,10.0,1,1,0,1,
ucb,498,10.0,1,1,0,1,
ucb,499,-0.7000000000000002,3,1,0,1,
ucb,0,6.0,2,1,0,0,
ucb,1,-1.0,3,1,0,0,
ucb,2,10.0,1,1,0,0,
ucb,3,10.0,1,1,0,0,
ucb,4,10.0,1,1,0,0,
ucb,5,6.0,2,1,0,0,
ucb,6,10.0,1,1,0,0,
ucb,7,4.0,2,1,0,0,
ucb,8,10.0,1,1,0,0,
ucb,9,10.0,1,1,0,0,
ucb,10,3.0,3,1,0,0,
ucb,11,10.0,1,1,0,0,
ucb,12,4.4,2,1,0,0,
ucb,13,10.0,1,1,0,0,
ucb,14,10.0,1,1,0,0,
ucb,15,10.0,1,1,0,0,
ucb,16,10.0,1,1,0,0,
ucb,17,10.0,1,1,0,0,
ucb,18,-1.1999999999999993,4,1,0,0,
ucb,19,-1.0,3,1,0,0,
ucb,20,10.0,1,1,0,0,
ucb,21,10.0,1,1,0,0,
ucb,22,5.6,2,1,0,0,
ucb,23,10.0,1,1,0,0,
ucb,24,10.0,1,1,0,0,
ucb,25,3.0,3,1,0,0,
ucb,26,10.0,1,1,0,0,
ucb,27,-18.0,4,1,1,0,
ucb,28,10.0,1,1,0,0,
ucb,29,10.0,1,1,0,0,
ucb,30,10.0,1,1,0,0,
ucb,31,10.0,1,1,0,0,
ucb,32,4.4,2,1,0,0,
ucb,33,10.0,1,1,0,0,
ucb,34,10.0,1,1,0,0,
ucb,35,10.0,1,1,0,0,
ucb,36,10.0,1,1,0,0,
ucb,37,5.6,2,1,0,0,
ucb,38,6.0,2,1,0,0,
ucb,39,-2.0,6,1,0,0,
ucb,40,10.0,1,1,0,0,
ucb,41,10.0,1,1,0,0,
ucb,42,6.0,2,1,0,0,
ucb,43,10.0,1,1,0,0,
ucb,44,10.0,1,1,0,0,
ucb,45,10.0,1,1,0,0,
ucb,46,10.0,1,1,0,0,
ucb,47,10.0,1,1,0,0,
ucb,48,10.0,1,1,0,0,
ucb,49,5.4,2,1,0,0,
ucb,50,6.0,2,1,0,0,
ucb,51,10.0,1,1,0,0,
ucb,52,10.0,1,1,0,0,
ucb,53,4.4,2,1,0,0,
ucb,54,-18.0,4,1,1,0,
ucb,55,4.4,2,1,0,0,
ucb,56,10.0,1,1,0,0,
ucb,57,5.6,2,1,0,0,
ucb,58,10.0,1,1,0,0,
ucb,59,2.2,3,1,0,0,
ucb,60,5.6,2,1,0,0,
ucb,61,6.0,2,1,0,0,
ucb,62,10.0,1,1,0,0,
ucb,63,10.0,1,1,0,0,
ucb,64,6.0,2,1,0,0,
ucb,65,10.0,1,1,0,0,
ucb,66,10.0,1,1,0,0,
ucb,67,4.0,2,1,0,0,
ucb,68,10.0,1,1,0,0,
ucb,69,10.0,1,1,0,0,
ucb,70,5.6,2,1,0,0,
ucb,71,5.6,2,1,0,0,
ucb,72,4.4,2,1,0,0,
ucb,73,10.0,1,1,0,0,
ucb,74,5.6,2,1,0,0,
ucb,75,10.0,1,1,0,0,
ucb,76,10.0,1,1,0,0,
ucb,77,10.0,1,1,0,0,
ucb,78,10.0,1,1,0,0,
ucb,79,6.0,2,1,0,0,
ucb,80,10.0,1,1,0,0,
ucb,81,5.6,2,1,0,0,
ucb,82,10.0,1,1,0,0,
ucb,83,10.0,1,1,0,0,
ucb,84,5.4,2,1,0,0,
ucb,85,10.0,1,1,0,0,
ucb,86,10.0,1,1,0,0,
ucb,87,6.0,2,1,0,0,
ucb,88,3.0,3,1,0,0,
ucb,89,5.6,2,1,0,0,
ucb,90,10.0,1,1,0,0,
ucb,91,6.0,2,1,0,0,
ucb,92,5.6,2,1,0,0,
ucb,93,5.6,2,1,0,0,
ucb,94,-0.20000000000000018,3,1,0,0,
ucb,95,10.0,1,1,0,0,
ucb,96,2.2,3,1,0,0,
ucb,97,6.0,2,1,0,0,
ucb,98,10.0,1,1,0,0,
ucb,99,10.0,1,1,0,0,
ucb,100,10.0,1,1,0,0,
ucb,101,1.7999999999999998,3,1,0,0,
ucb,102,10.0,1,1,0,0,
ucb,103,10.0,1,1,0,0,
ucb,104,5.6,2,1,0,0,
ucb,105,10.0,1,1,0,0,
ucb,106,6.0,2,1,0,0,
ucb,107,-0.20000000000000018,3,1,0,0,
ucb,108,10.0,1,1,0,0,
ucb,109,10.0,1,1,0,0,
ucb,110,6.0,2,1,0,0,
ucb,111,10.0,1,1,0,0,
ucb,112,10.0,1,1,0,0,
ucb,113,10.0,1,1,0,0,
ucb,114,-1.0,3,1,0,0,
ucb,115,10.0,1,1,0,0,
ucb,116,6.0,2,1,0,0,
ucb,117,10.0,1,1,0,0,
ucb,118,10.0,1,1,0,0,
ucb,119,10.0,1,1,0,0,
ucb,120,10.0,1,1,0,0,
ucb,121,10.0,1,1,0,0,
ucb,122,4.0,2,1,0,0,
ucb,123,10.0,1,1,0,0,
ucb,124,-1.0,3,1,0,0,
ucb,125,4.0,2,1,0,0,
ucb,126,10.0,1,1,0,0,
ucb,127,5.4,2,1,0,0,
ucb,128,4.4,2,1,0,0,
ucb,129,6.0,2,1,0,0,
ucb,130,10.0,1,1,0,0,
ucb,131,3.0,3,1,0,0,
ucb,132,10.0,1,1,0,0,
ucb,133,10.0,1,1,0,0,
ucb,134,10.0,1,1,0,0,
ucb,135,6.0,2,1,0,0,
ucb,136,10.0,1,1,0,0,
ucb,137,6.0,2,1,0,0,
ucb,138,10.0,1,1,0,0,
ucb,139,10.0,1,1,0,0,
ucb,140,10.0,1,1,0,0,
ucb,141,6.0,2,1,0,0,
ucb,142,10.0,1,1,0,0,
ucb,143,10.0,1,1,0,0,
ucb,144,10.0,1,1,0,0,
ucb,145,10.0,1,1,0,0,
ucb,146,4.4,2,1,0,0,
ucb,147,10.0,1,1,0,0,
ucb,148,5.6,2,1,0,0,
ucb,149,4.4,2,1,0,0,
ucb,150,10.0,1,1,0,0,
ucb,151,10.0,1,1,0,0,
ucb,152,4.4,2,1,0,0,
ucb,153,10.0,1,1,0,0,
ucb,154,6.0,2,1,0,0,
ucb,155,10.0,1,1,0,0,
ucb,156,10.0,1,1,0,0,
ucb,157,10.0,1,1,0,0,
ucb,158,-1.0,3,1,0,0,
ucb,159,10.0,1,1,0,0,
ucb,160,-3.0,7,1,0,0,
ucb,161,10.0,1,1,0,0,
ucb,162,10.0,1,1,0,0,
ucb,163,2.2,3,1,0,0,
ucb,164,10.0,1,1,0,0,
ucb,165,10.0,1,1,0,0,
ucb,166,6.0,2,1,0,0,
ucb,167,10.0,1,1,0,0,
ucb,168,10.0,1,1,0,0,
ucb,169,10.0,1,1,0,0,
ucb,170,10.0,1,1,0,0,
ucb,171,10.0,1,1,0,0,
ucb,172,-4.800000000000001,4,1,0,0,
ucb,173,10.0,1,1,0,0,
ucb,174,10.0,1,1,0,0,
ucb,175,5.6,2,1,0,0,
ucb,176,10.0,1,1,0,0,
ucb,177,10.0,1,1,0,0,
ucb,178,1.7999999999999998,3,1,0,0,
ucb,179,10.0,1,1,0,0,
ucb,180,10.0,1,1,0,0,
ucb,181,-4.800000000000001,4,1,0,0,
ucb,182,5.4,2,1,0,0,
ucb,183,5.6,2,1,0,0,
ucb,184,10.0,1,1,0,0,
ucb,185,10.0,1,1,0,0,
ucb,186,10.0,1,1,0,0,
ucb,187,10.0,1,1,0,0,
ucb,188,10.0,1,1,0,0,
ucb,189,6.0,2,1,0,0,
ucb,190,10.0,1,1,0,0,
ucb,191,10.0,1,1,0,0,
ucb,192,10.0,1,1,0,0,
ucb,193,5.4,2,1,0,0,
ucb,194,10.0,1,1,0,0,
ucb,195,4.0,2,1,0,0,
ucb,196,10.0,1,1,0,0,
ucb,197,-1.0,5,1,0,0,
ucb,198,10.0,1,1,0,0,
ucb,199,10.0,1,1,0,0,
